id_marca,nombre
1,500
1,Grande Punto
1,Punto Evo
1,500c
1,695
1,Punto
2,155
2,156
2,159
2,164
2,145
2,147
2,146
2,Gtv
2,Spider
2,166
2,Gt
2,Crosswagon
2,Brera
2,90
2,75
2,33
2,Giulietta
2,Sprint
2,Mito
3,Expander
3,10
3,24
3,Dacia
4,Rocsta
5,Rocsta
6,Db7
6,V8
6,Db9
6,Vanquish
6,V8 Vantage
6,Vantage
6,Dbs
6,Volante
6,Virage
6,Vantage V8
6,Vantage V12
6,Rapide
6,Cygnet
7,80
7,A4
7,A6
7,S6
7,Coupe
7,S2
7,Rs2
7,A8
7,Cabriolet
7,S8
7,A3
7,S4
7,Tt
7,S3
7,Allroad Quattro
7,Rs4
7,A2
7,Rs6
7,Q7
7,R8
7,A5
7,S5
7,V8
7,200
7,100
7,90
7,Tts
7,Q5
7,A4 Allroad Quattro
7,Tt Rs
7,Rs5
7,A1
7,A7
7,Rs3
7,Q3
7,A6 Allroad Quattro
7,S7
7,Sq5
8,Mini
8,Montego
8,Maestro
8,Metro
8,Mini Moke
9,Diesel
10,Brooklands
10,Turbo
10,Continental
10,Azure
10,Arnage
10,Continental Gt
10,Continental Flying Spur
10,Turbo R
10,Mulsanne
10,Eight
10,Continental Gtc
10,Continental Supersports
11,Freeclimber Diesel
12,Serie 3
12,Serie 5
12,Compact
12,Serie 7
12,Serie 8
12,Z3
12,Z4
12,Z8
12,X5
12,Serie 6
12,X3
12,Serie 1
12,Z1
12,X6
12,X1
13,Seville
13,Sts
13,El Dorado
13,Cts
13,Xlr
13,Srx
13,Escalade
13,Bls
14,Corvette
14,Blazer
14,Astro
14,Nubira
14,Evanda
14,Trans Sport
14,Camaro
14,Matiz
14,Alero
14,Tahoe
14,Tacuma
14,Trailblazer
14,Kalos
14,Aveo
14,Lacetti
14,Epica
14,Captiva
14,Hhr
14,Cruze
14,Spark
14,Orlando
14,Volt
14,Malibu
15,Vision
15,300m
15,Grand Voyager
15,Viper
15,Neon
15,Voyager
15,Stratus
15,Sebring
15,Sebring 200c
15,New Yorker
15,Pt Cruiser
15,Crossfire
15,300c
15,Le Baron
15,Saratoga
16,Xantia
16,Xm
16,Ax
16,Zx
16,Evasion
16,C8
16,Saxo
16,C2
16,Xsara
16,C4
16,Xsara Picasso
16,C5
16,C3
16,C3 Pluriel
16,C1
16,C6
16,Grand C4 Picasso
16,C4 Picasso
16,Ccrosser
16,C15
16,Jumper
16,Jumpy
16,Berlingo
16,Bx
16,C25
16,Cx
16,Gsa
16,Visa
16,Lna
16,2cv
16,Nemo
16,C4 Sedan
16,Berlingo First
16,C3 Picasso
16,Ds3
16,Czero
16,Ds4
16,Ds5
16,C4 Aircross
16,Celysee
17,Corvette
18,Contac
18,Logan
18,Sandero
18,Duster
18,Lodgy
19,Nexia
19,Aranos
19,Lanos
19,Nubira
19,Compact
19,Nubira Compact
19,Leganza
19,Evanda
19,Matiz
19,Tacuma
19,Kalos
19,Lacetti
21,Applause
21,Charade
21,Rocky
21,Feroza
21,Terios
21,Sirion
22,Serie Xj
22,Xj
22,Double Six
22,Six
22,Series Iii
23,Viper
23,Caliber
23,Nitro
23,Avenger
23,Journey
24,F355
24,360
24,F430
24,F512 M
24,550 Maranello
24,575m Maranello
24,599
24,456
24,456m
24,612
24,F50
24,Enzo
24,Superamerica
24,430
24,348
24,Testarossa
24,512
24,355
24,F40
24,412
24,Mondial
24,328
24,California
24,458
24,Ff
25,Croma
25,Cinquecento
25,Seicento
25,Punto
25,Grande Punto
25,Panda
25,Tipo
25,Coupe
25,Uno
25,Ulysse
25,Tempra
25,Marea
25,Barchetta
25,Bravo
25,Stilo
25,Brava
25,Palio Weekend
25,600
25,Multipla
25,Idea
25,Sedici
25,Linea
25,500
25,Fiorino
25,Ducato
25,Doblo Cargo
25,Doblo
25,Strada
25,Regata
25,Talento
25,Argenta
25,Ritmo
25,Punto Classic
25,Qubo
25,Punto Evo
25,500c
25,Freemont
25,Panda Classic
25,500l
26,Maverick
26,Escort
26,Focus
26,Mondeo
26,Scorpio
26,Fiesta
26,Probe
26,Explorer
26,Galaxy
26,Ka
26,Puma
26,Cougar
26,Focus Cmax
26,Fusion
26,Streetka
26,Cmax
26,Smax
26,Transit
26,Courier
26,Ranger
26,Sierra
26,Orion
26,Pick Up
26,Capri
26,Granada
26,Kuga
26,Grand Cmax
26,Bmax
26,Tourneo Custom
27,Exceed
27,Santamo
27,Super Exceed
29,Accord
29,Civic
29,Crx
29,Prelude
29,Nsx
29,Legend
29,Crv
29,Hrv
29,Logo
29,S2000
29,Stream
29,Jazz
29,Frv
29,Concerto
29,Insight
29,Crz
30,H2
30,H3
30,H3t
31,Lantra
31,Sonata
31,Elantra
31,Accent
31,Scoupe
31,Coupe
31,Atos
31,H1
31,Atos Prime
31,Xg
31,Trajet
31,Santa Fe
31,Terracan
31,Matrix
31,Getz
31,Tucson
31,I30
31,Pony
31,Grandeur
31,I10
31,I800
31,Sonata Fl
31,Ix55
31,I20
31,Ix35
31,Ix20
31,Genesis
31,I40
31,Veloster
32,G
32,Ex
32,Fx
32,M
33,Elba
33,Minitre
34,Trooper
34,Pick Up
34,D Max
34,Rodeo
34,Dmax
34,Trroper
35,Daily
35,Massif
36,Daily
36,Duty
37,Serie Xj
37,Serie Xk
37,Xj
37,Stype
37,Xf
37,Xtype
38,Wrangler
38,Cherokee
38,Grand Cherokee
38,Commander
38,Compass
38,Wrangler Unlimited
38,Patriot
39,Sportage
39,Sephia
39,Sephia Ii
39,Pride
39,Clarus
39,Shuma
39,Carnival
39,Joice
39,Magentis
39,Carens
39,Rio
39,Cerato
39,Sorento
39,Opirus
39,Picanto
39,Ceed
39,Ceed Sporty Wagon
39,Proceed
39,K2500 Frontier
39,K2500
39,Soul
39,Venga
39,Optima
39,Ceed Sportswagon
40,Samara
40,Niva
40,Sagona
40,Stawra 2110
40,214
40,Kalina
40,Serie 2100
40,Priora
41,Gallardo
41,Murcielago
41,Aventador
42,Delta
42,K
42,Y10
42,Dedra
42,Lybra
42,Z
42,Y
42,Ypsilon
42,Thesis
42,Phedra
42,Musa
42,Thema
42,Zeta
42,Kappa
42,Trevi
42,Prisma
42,A112
42,Ypsilon Elefantino
42,Voyager
43,Range Rover
43,Defender
43,Discovery
43,Freelander
43,Range Rover Sport
43,Discovery 4
43,Range Rover Evoque
44,Maxus
45,Ls400
45,Ls430
45,Gs300
45,Is200
45,Rx300
45,Gs430
45,Gs460
45,Sc430
45,Is300
45,Is250
45,Rx400h
45,Is220d
45,Rx350
45,Gs450h
45,Ls460
45,Ls600h
45,Ls
45,Gs
45,Is
45,Sc
45,Rx
45,Ct
46,Elise
46,Exige
47,Bolero Pickup
47,Goa Pickup
47,Goa
47,Cj
47,Pikup
47,Thar
48,Ghibli
48,Shamal
48,Quattroporte
48,3200 Gt
48,Coupe
48,Spyder
48,Gransport
48,Granturismo
48,430
48,Biturbo
48,228
48,224
48,Grancabrio
49,Maybach
50,Xedos 6
50,626
50,121
50,Xedos 9
50,323
50,Mx3
50,Rx7
50,Mx5
50,Mazda3
50,Mpv
50,Demio
50,Premacy
50,Tribute
50,Mazda6
50,Mazda2
50,Rx8
50,Mazda5
50,Cx7
50,Serie B
50,B2500
50,Bt50
50,Mx6
50,929
50,Cx5
51,Clase C
51,Clase E
51,Clase Sl
51,Clase S
51,Clase Cl
51,Clase G
51,Clase Slk
51,Clase V
51,Viano
51,Clase Clk
51,Clase A
51,Clase M
51,Vaneo
51,Slklasse
51,Slr Mclaren
51,Clase Cls
51,Clase R
51,Clase Gl
51,Clase B
51,100d
51,140d
51,180d
51,Sprinter
51,Vito
51,Transporter
51,280
51,220
51,200
51,190
51,600
51,400
51,Clase Sl R129
51,300
51,500
51,420
51,260
51,230
51,Clase Clc
51,Clase Glk
51,Sls Amg
52,Mgf
52,Tf
52,Zr
52,Zs
52,Zt
52,Ztt
52,Mini
52,Countryman
52,Paceman
53,Mini
53,Countryman
53,Paceman
54,Montero
54,Galant
54,Colt
54,Space Wagon
54,Space Runner
54,Space Gear
54,3000 Gt
54,Carisma
54,Eclipse
54,Space Star
54,Montero Sport
54,Montero Io
54,Outlander
54,Lancer
54,Grandis
54,L200
54,Canter
54,300 Gt
54,Asx
54,Imiev
55,44
55,Plus 8
55,Aero 8
55,V6
55,Roadster
55,4
55,Plus 4
56,Terrano Ii
56,Terrano
56,Micra
56,Sunny
56,Primera
56,Serena
56,Patrol
56,Maxima Qx
56,200 Sx
56,300 Zx
56,Patrol Gr
56,100 Nx
56,Almera
56,Pathfinder
56,Almera Tino
56,Xtrail
56,350z
56,Murano
56,Note
56,Qashqai
56,Tiida
56,Vanette
56,Trade
56,Vanette Cargo
56,Pickup
56,Navara
56,Cabstar E
56,Cabstar
56,Maxima
56,Camion
56,Prairie
56,Bluebird
56,Np300 Pick Up
56,Qashqai2
56,Pixo
56,Gtr
56,370z
56,Cube
56,Juke
56,Leaf
56,Evalia
57,Astra
57,Vectra
57,Calibra
57,Corsa
57,Omega
57,Frontera
57,Tigra
57,Monterey
57,Sintra
57,Zafira
57,Agila
57,Speedster
57,Signum
57,Meriva
57,Antara
57,Gt
57,Combo
57,Movano
57,Vivaro
57,Kadett
57,Monza
57,Senator
57,Rekord
57,Manta
57,Ascona
57,Insignia
57,Zafira Tourer
57,Ampera
57,Mokka
57,Adam
58,306
58,605
58,106
58,205
58,405
58,406
58,806
58,807
58,407
58,307
58,206
58,607
58,308
58,307 Sw
58,206 Sw
58,407 Sw
58,1007
58,107
58,207
58,4007
58,Boxer
58,Partner
58,J5
58,604
58,505
58,309
58,Bipper
58,Partner Origin
58,3008
58,5008
58,Rcz
58,508
58,Ion
58,208
58,4008
59,Trans Sport
59,Firebird
59,Trans Am
60,911
60,Boxster
60,Cayenne
60,Carrera Gt
60,Cayman
60,928
60,968
60,944
60,924
60,Panamera
60,918
61,Megane
61,Safrane
61,Laguna
61,Clio
61,Twingo
61,Nevada
61,Espace
61,Spider
61,Scenic
61,Grand Espace
61,Avantime
61,Vel Satis
61,Grand Scenic
61,Clio Campus
61,Modus
61,Express
61,Trafic
61,Master
61,Kangoo
61,Mascott
61,Master Propulsion
61,Maxity
61,R19
61,R25
61,R5
61,R21
61,R4
61,Alpine
61,Fuego
61,R18
61,R11
61,R9
61,R6
61,Grand Modus
61,Kangoo Combi
61,Koleos
61,Fluence
61,Wind
61,Latitude
61,Grand Kangoo Combi
62,Siver Dawn
62,Silver Spur
62,Park Ward
62,Silver Seraph
62,Corniche
62,Phantom
62,Touring
62,Silvier
63,800
63,600
63,100
63,200
63,Coupe
63,400
63,45
63,Cabriolet
63,25
63,Mini
63,75
63,Streetwise
63,Sd
64,900
64,93
64,9000
64,95
64,93x
64,94x
65,300
65,350
65,Anibal
65,Anibal Pick Up
66,Ibiza
66,Cordoba
66,Toledo
66,Marbella
66,Alhambra
66,Arosa
66,Leon
66,Altea
66,Altea Xl
66,Altea Freetrack
66,Terra
66,Inca
66,Malaga
66,Ronda
66,Exeo
66,Mii
67,Felicia
67,Forman
67,Octavia
67,Octavia Tour
67,Fabia
67,Superb
67,Roomster
67,Scout
67,Pickup
67,Favorit
67,130
67,S
67,Yeti
67,Citigo
67,Rapid
68,Smart
68,Citycoupe
68,Fortwo
68,Cabrio
68,Crossblade
68,Roadster
68,Forfour
69,Korando
69,Family
69,K4d
69,Musso
69,Korando Kj
69,Rexton
69,Rexton Ii
69,Rodius
69,Kyron
69,Actyon
69,Sports Pick Up
69,Actyon Sports Pick Up
69,Kodando
70,Legacy
70,Impreza
70,Svx
70,Justy
70,Outback
70,Forester
70,G3x Justy
70,B9 Tribeca
70,Xt
70,1800
70,Tribeca
70,Wrx Sti
70,Trezia
70,Xv
70,Brz
71,Maruti
71,Swift
71,Vitara
71,Baleno
71,Samurai
71,Alto
71,Wagon R
71,Jimny
71,Grand Vitara
71,Ignis
71,Liana
71,Grand Vitara Xl7
71,Sx4
71,Splash
71,Kizashi
72,Samba
72,Tagora
72,Solara
72,Horizon
73,Telcosport
73,Telco
73,Sumo
73,Safari
73,Indica
73,Indigo
73,Grand Safari
73,Tl Pick Up
73,Xenon Pick Up
73,Vista
73,Xenon
73,Aria
74,Carina E
74,4runner
74,Camry
74,Rav4
74,Celica
74,Supra
74,Paseo
74,Land Cruiser 80
74,Land Cruiser 100
74,Land Cruiser
74,Land Cruiser 90
74,Corolla
74,Auris
74,Avensis
74,Picnic
74,Yaris
74,Yaris Verso
74,Mr2
74,Previa
74,Prius
74,Avensis Verso
74,Corolla Verso
74,Corolla Sedan
74,Aygo
74,Hilux
74,Dyna
74,Land Cruiser 200
74,Verso
74,Iq
74,Urban Cruiser
74,Gt86
75,100
75,121
76,214
76,110 Stawra
76,111 Stawra
76,215
76,112 Stawra
77,Passat
77,Golf
77,Vento
77,Polo
77,Corrado
77,Sharan
77,Lupo
77,Bora
77,Jetta
77,New Beetle
77,Phaeton
77,Touareg
77,Touran
77,Multivan
77,Caddy
77,Golf Plus
77,Fox
77,Eos
77,Caravelle
77,Tiguan
77,Transporter
77,Lt
77,Taro
77,Crafter
77,California
77,Santana
77,Scirocco
77,Passat Cc
77,Amarok
77,Beetle
77,Up
77,Cc
78,440
78,850
78,S70
78,V70
78,V70 Classic
78,940
78,480
78,460
78,960
78,S90
78,V90
78,Classic
78,S40
78,V40
78,V50
78,V70 Xc
78,Xc70
78,C70
78,S80
78,S60
78,Xc90
78,C30
78,780
78,760
78,740
78,240
78,360
78,340
78,Xc60
78,V60
78,V40 Cross Country
79,353
98,CARGO
98,COOL STAR 125
98,X3
98,JOJO 110
98,CC125
98,CC150
98,KP150F
98,LF100
98,PK125
98,POWER KING
98,CROSS
98,GLOW 110S
98,KP150
98,POWER MAN 250
98,HIKER
98,IV
98,STEED 250
98,TRAVELLER
98,TB125
98,PK110F
98,LF125
98,LF125
102,RODEO
102,DURO
132,RACING 200
132,PHOENIX 50
132,INDIANAPOLIS 200
132,F35/F40
132,X2 250
132,MAX 150
132,NEW WAVE 125
132,EXPLORER 150
132,XY 250
132,JET 50
132,RETRO 50
132,NEW 50
132,EAGLE 50
132,SUPER SMART 50
132,NEW 200
132,CARGO 200
132,BRAVO 200
132,STRONG 250
132,FUTURE 150
132,VENICE 50
132,LIBERTY 50
132,BIKE 50
132,JET 125
132,CUSTOM 250
132,DISCOVER 250
133,CRZ
133,COMET GT 650
133,COMET GT-R 650
133,CRUISE
133,ERO
133,FLASH
133,FURIA
133,GF
133,MAGIK
133,MIDAS
133,MIRAGE
133,MOTOKAR
133,PRIMA
133,RX
133,SETA
133,SOFT
133,SUPER CAB
133,TN
133,WAY
133,WIN
133,COMET GT 250
133,COMET GT-R 250
135,CRYPTON T115
135,DT 200
135,FAZER YS250
135,FACTOR YBR125
135,YZF R1
135,VIRAGO 250
135,AXIS
135,BWS
135,JOG
135,MAJESTY
135,MT-03
135,NEO AT
135,RD 135
135,ROYAL STAR
135,TDM
135,TDR 180
135,TRX
135,TT-R
135,V-MAX 1200
135,WR 250F
135,XJR
135,XT 660R
135,XTZ 125
135,MIDNIGHT STAR XVS
135,YFS
135,RX
135,DRAG STAR
135,XJ6
135,LANDER XTZ 250
135,ALBA
135,FROG
135,LIBERO
135,GLADIATOR
135,MEST
135,ECCY
135,PASSOL
135,EC-02
135,YZ 85LW
135,V-STAR
135,PAS
135,AEROX
135,MORPHOUS
135,XF50X
135,LAGEND
135,TZR
135,QT50
135,FS1
135,FZR1000
135,XS400
135,RD 350 VIUVA NEGRA
135,XTZ 250 TENERE
135,XT 225
135,XT 660Z TENERE
135,XT 1200Z SUPER TENERE
135,FAZER FZ6
135,FAZER YS150
135,FAZER FZ1
135,YZF 600R
135,YZF R6
135,TMAX
135,YFM 700R
135,GRIZZLY
135,RD 50
135,DT 50
135,MT-01
135,FZ-09
135,MT-07
135,FZR600
135,FZR400
135,FZR250
135,XS500
135,XS650
135,XS750
135,XS850
135,XS1100
135,SR500
135,SRX 400
135,SRX 600
135,V-MAX 1680
135,FJR1300
135,XTZ 750 SUPER TENERE
135,XT 600
135,VIRAGO 400
135,VIRAGO 535
135,VIRAGO 750
135,VIRAGO 1400
135,XZ 550
135,YZR 500
135,WR 450F
135,TZ 250
135,YZ 125
135,YZ 250
135,YZ 450
135,TX500
135,XR 180
135,TT 125
136,GR 500
136,GRI 50
136,GR08T4
136,GR 125S/ST
136,GR125T3
136,GR125U
136,GR 125Z
136,GR 150P/PI
136,GR150ST
136,GR150T3
136,GR150TI
136,GR150U
136,GR250T3
140,FUTURE
140,AKROS
140,ERGON
140,FIFTY
140,HUNTER
140,MAX
140,PALIO
140,PGO
140,STX
140,STX MOTARD
140,SUPER FIFTY
140,VBLADE
140,WEB
140,WEB EVO
170,AVAJET
170,CONCOURS
170,D-TRACKER
170,ER-6N
170,KLX 110/140
170,KX 100/125
170,KZ
170,MAXI
170,NINJA 250
170,VERSYS
170,VOYAGER
170,VULCAN
170,ZZR
170,BAIO
170,KDX
170,ELIMINATOR
170,GTR
170,KLE
170,KLR
170,SUPER SHERPA
170,ZRX
170,ZR
170,NINJA 1400
170,NINJA 1000
170,NINJA 600
170,NINJA 300
170,NINJA 1100
170,NINJA 900
170,NINJA 700
170,NINJA 1200
170,Z1000
170,Z750
170,Z800
170,VERSYS CITY
170,VERSYS GRAND TOURER
170,VERSYS TOURER
170,VERSYS 1000
170,KX 450/500
170,KX 250
170,KX 65/85
170,KLX 400/450
170,KLX 250/300
170,ER-5
171,RZR 570
171,RZR 800
171,RZR 800 XC
171,RZR S 800
171,RZR 900
171,RZR XP 1000
171,RZR 4 800
171,RZR 4 900
171,RZR 4 1000
171,RANGER 6X6
171,RANGER 800
171,RANGER DIESEL
171,RANGER XP 900
171,RANGER 400
171,RANGER 570
171,RANGER 800 MIDSIZE
171,RANGER EV
171,RANGER CREW 570
171,RANGER CREW 800
171,RANGER CREW DIESEL
171,RANGER CREW 900
171,SPORTSMAN 550 EPS
171,SPORTSMAN 570
171,SPORTSMAN 400 HO
171,SPORTSMAN WV850 HO
171,SPORTSMAN XP 850
171,SPORTSMAN 800 EFI
171,SPORTSMAN BIG BOSS 6X6 800
171,SCRAMBLER XP 850 HO
171,SCRAMBLER XP 1000 EPS
171,SPORTSMAN TOURING 850
171,SPORTSMAN TOURING 570
171,SPORTSMAN TOURING 550
171,SPORTSMAN X2 550
171,PHOENIX 200
171,RZR 170
171,OUTLAW 90
171,SPORTSMAN 90
171,OUTLAW 50
171,BRUTUS
176,ATV
176,JAGUAR
176,RT
177,AME-110
177,AME-150
177,AME-250
177,AME-LX
178,AREA-51
178,CLASSIC
178,LEONARDO
178,MOTO
178,PEGASO
178,RALLY
178,RS
178,RSV MILLE
178,RX
178,SCARABEO
178,SONIC
178,SR RACING
178,SR WWW
178,SR
179,CALIFFONE
179,MASTER
179,SKEGIA
180,CHAMPION
180,CLASSIC
181,TNT
181,TRE
182,MX-50
183,DB4
183,DB5R
183,DB6
183,DB6R
183,DB7
183,MANTRA
183,SBR8
183,TESI
184,ELEGANT
184,FOSTI
184,PISTA
184,TURBO
184,ZANELLA
185,YB
185,ALPINA
185,APOLO
185,NEVADA
185,WINSTAR
185,ELEKTRA
185,TEXANA
185,ALTINO
185,AQUILA
185,DAYSTAR ROUTIER
186,CAN-AM
187,1125
187,FIREBOLT
187,LIGHTNING
187,ULYSSES
188,JBR
190,CANYON
190,ELEFANT
190,GRAN CANYON
190,MITO
190,NAVIGATOR
190,PLANET
190,ROADSTER
190,V-RAPTOR
190,W-16
191,MOBILETE
192,ALTINO
192,MESSAGE
192,VC
192,VF
192,VS
192,VT
192,VX
193,APACHE
193,CITYCOM
193,KANSAS
193,LASER
193,NEXT
193,RIVA
193,ROADWIN
193,SMART
193,SPEED
193,SUPER
193,ZIG
194,DY100-31
194,DY110-20
194,DY125-18
194,DY125-36A
194,DY125-37
194,DY125-5
194,DY125-52
194,DY150-12
194,DY200
194,DY50
195,SUMMER
195,DY125-8
195,SPACE
195,PHANTON
195,CITY
195,DY150GY
195,CARGO 150
195,CARGO 200
195,DY250-2
196,ATLANTIS
196,GPR
196,PREDATOR
196,RED BULLET
196,REPLICAS
196,SENDA
197,1098
197,1198
197,749
197,848
197,996
197,998
197,999
197,999R
197,DESMOSEDICI
197,DIAVEL
197,HYPERMOTARD
197,MONSTER
197,MULTISTRADA
197,SPORTCLASSIC
197,SS
197,ST-2
197,ST-4
197,STREETFIGHTER
198,MIRAGE
198,ONE
198,ONE RACING
200,FY100-10A
200,FY125-19
200,FY125-20
200,FY125EY-2
200,FY125Y-3
200,FY150-3
200,FY150T-18
200,FY250
201,ENDUCROSS
201,ROOKIE ENDURO
201,BOY
201,MC
201,PAMPERA
201,TX BOY
201,TXT
201,TXT ROOKIE
202,EASY
202,RUNNER
202,SAFARI
202,SPORT
203,HB-110
203,HB-125
203,HB-150
203,HB-50
204,SOFTAIL
204,TOURING ROAD KING
204,TOURING ELECTRA GLIDE
204,DYNA
204,V-ROD
204,SPORTSTER
204,TOURING STREET GLIDE
204,CVO
205,LEGION
206,ANKUR
206,PUCH
206,STREAM
207,FE
208,CR
208,HUSQY
208,SM
208,SMR
208,TC
208,TE
208,WR
208,WRE
209,ACTION
209,BRAVE
209,MATRIX
209,MOVING
209,ONE
209,VINTAGE
209,WARRIOR
209,IZY 50
210,JP
211,BARHOG
211,PROSTREET
211,SPYDER
212,ATLANTIC
212,HYPE
212,JONNY
212,ORBIT
212,PEGASUS
212,QUICK
212,TR
212,NAKED
212,RACER
212,TEXAS
213,TOP
213,DUAL
213,AMAZONAS
214,DJW
214,MBOY
214,PEOPLE
214,ZING
215,AKROS
215,ERGON
215,NIX
216,MOTO TRUCK
217,QUATTOR
218,FORMIGAO
219,DE LUXE
219,E RETRO
219,LY
220,TRICICLO
221,CIAK
221,SPIDER
222,DRAGO
222,EASY
222,FAST
222,SKEMA
222,VITE
223,CALIFORNIA
223,QUOTA
223,V11
223,LE MANS
224,230R
225,BRUTALE
225,F4
226,BIG FORCE
226,BLACK STAR
226,BRX
226,DUAL
226,FENIX GOLD
226,FOX
226,GO
226,HALLEY
226,FENIX
226,JURASIC
226,MA
226,SIMBA
226,SPORT
226,SPYDER
226,STREET
226,SUPER
226,XRT
227,AX
227,JC
227,QM
228,BR III
229,BEVERLY
229,LIBERTY
229,MP3
229,NRG
229,RUNNER
229,VESPA
229,ZIP
230,BLACK JACK
230,FENIX GOLD
230,GHOST
230,SPYDER
231,ENJOY
231,HUSKY
231,PASSING
232,SCROSS
233,TRIMOTO
234,CJ
234,JH
234,JL
234,STAR 50
234,WORK 125
234,SKY 125
234,FLY 135
234,BEST
234,SHARK
234,MOBY 50
234,JOTO 135
234,MONTEZ 250
234,DUNNA 600
234,VICO
235,REBELLIAN
235,TRITON
235,VTHUNDER
236,WY
246,XM
253,LAMBRETA
269,SCOOTER
281,ZS 200
281,125 ZS
282,BW 125
294,WALK MACHINE
297,MZ 250
297,KAPRA
297,RALLYE
297,PASSEIO
299,RED HUNTER
299,W/NG
299,M2F
299,GOLDEN ARROW
340,150
341,WAKE 500
341,OUTCROSS
341,JOY PLUS
341,PASSION
341,TREND
341,PIT BULL
341,BRUTTUS
342,UFO 50
342,LF250ST
342,FOX 150R
342,LF400ST
342,VR 150 WIND
342,HERCULES 200
342,ONIX 50R
342,HS 150 FIRE
343,KN 150
343,KN 125 S
343,KN 50 S
344,50 SX
344,65 SX
344,85 SX
344,125 SX
344,150 SX
344,250 SX
344,350 SX
344,450 SX-F
344,350 EXC
344,500 EXC
344,150 XC
344,250 XC
344,300 XC
344,450 XC-F/W
344,200 XC
344,690 ENDURO R
344,1190 ADVENTURE
344,990 SM T
344,990 ADVENTURE BAJA
344,690 DUKE
344,1190 RC8 R
344,525 XC
344,505 SX
344,450 XC
344,450 SX
349,HB
358,OUTLANDER 400
358,OUTLANDER 500
358,OUTLANDER 650
358,OUTLANDER 800R
358,OUTLANDER MAX 400
358,OUTLANDER MAX 500
358,OUTLANDER MAX 650
358,OUTLANDER MAX 800R
358,OUTLANDER MAX LTD 800R
358,RENEGADE 500
358,RENEGADE 800R
358,DS 250
358,DS 450
358,DS 90
358,RT
358,RS
359,ACX 250F
359,HOTZOO SPORT 90
359,SPORTLANDER 150R
359,SPORTLANDER 250XR
359,SPORTLANDER 350ZX
359,SPORTLANDER 450TR
359,QUADRILANDER 300
359,QUADRILANDER 400
359,QUADRILANDER 600
359,FRONTLANDER 500
359,FRONTLANDER 800 EFI
483,CROSS ROADS 8-BALL
483,CROSS ROADS CLASSIC
483,CROSS COUNTRY 8-BALL
483,CROSS COUNTRY
483,NESS CROSS COUNTRY
483,VISION TOUR
483,CROSS COUNTRY TOUR
483,CROSS COUNTRY TOUR ANNIVERSARY
483,VEGAS 8-BALL
483,HIGH-BALL
483,HAMMER 8-BALL
483,BOARDWALK
483,JACKPOT
483,JUDGE
483,ZACH NESS CROSS COUNTRY
483,HARD-BALL
483,NESS VISION
483,CORY NESS CROSS COUNTRY TOUR
484,CHIEF CLASSIC
484,CHIEF VINTAGE
484,CHIEFTAIN
532,F2 PLUS
532,SUPER F2
532,SUPER F1
532,SUPER F3
532,BVX 125
532,BVX 130 STREET
532,BVX 150 S1
532,TR 150 D6
532,AX 200
532,BVX 200
532,BX 260
532,BR 250 D1
532,CARGO 260
534,BIZ
534,CB 300R
534,CB 400
534,CB 500
534,CB 600 HORNET
534,CBR 1000F
534,FIREBLADE CBR
534,CBR 450
534,CBR 600
534,TWISTER CBX 250
534,CBX 750F
534,CG FAN
534,CG TITAN
534,AMERICA
534,CB 1000R
534,CB 1300
534,SUPERBLACKBIRD CBR 1100XX
534,CBR 250
534,AERO CBX 150
534,STRADA CBX 200
534,CH 125R
534,CR 85
534,GL GOLD WING
534,LEAD
534,MAGNA VF 750C
534,NX 200/250
534,NX 350 SAHARA
534,NX 400 FALCON
534,NXR BROS
534,POP 100
534,SUPER HAWK
534,TRX
534,VALKYRIE
534,VFR 1200
534,VTX
534,VARADERO XL 1000V
534,XL
534,XL 700V TRANSALP
534,XLR
534,XLX
534,VLR 350
534,XR
534,TORNADO XR 250
534,XRE 300
534,SHADOW
534,DREAM
534,HERO
534,NC 700X
534,CRF 110/150
534,FURY
534,STUNNER
534,CB 50
534,BOLDOR CB 900
534,CBF 600
534,CBR 400RR
534,CBX 1000
534,CD 125
534,ML 125
534,NSR 500
534,RC
534,PAN-EUROPEAN ST
534,TURUNA 125
534,VTR
534,AFRICA TWIN XRV 750
534,CG CARGO/JOB
534,PC 50
534,CG 125
534,PACIFIC COAST
534,CG TODAY
534,CB 125
534,DUTY
534,PCX
534,CRF 230/250
534,CRF 450
534,NX 650 DOMINATOR
534,CR 250
534,CR 125